<?xml version="1.0" encoding="UTF-8"?>
<beans xmlns="http://www.springframework.org/schema/beans"
	xmlns:xsi="http://www.w3.org/2001/XMLSchema-instance"
	xmlns:jdbc="http://www.springframework.org/schema/jdbc"
	xmlns:context="http://www.springframework.org/schema/context"
	xsi:schemaLocation="http://www.springframework.org/schema/jdbc http://www.springframework.org/schema/jdbc/spring-jdbc-4.3.xsd
		http://www.springframework.org/schema/beans https://www.springframework.org/schema/beans/spring-beans.xsd
		http://www.springframework.org/schema/context http://www.springframework.org/schema/context/spring-context-4.3.xsd">
	
	<!-- Root Context: defines shared resources visible to all other web components -->
		
	<bean class="org.springframework.jdbc.datasource.DriverManagerDataSource"
        id="dataSource">
        <property value="oracle.jdbc.driver.OracleDriver" name="driverClassName" />
        <property value="jdbc:oracle:thin:@localhost:1521:orcl"
            name="url" />
        <property value="system" name="username" />
        <property value="wooriict" name="password" />
    </bean>

	<bean class="org.mybatis.spring.SqlSessionFactoryBean" id="SqlSessionFactory">
	    <property name="dataSource" ref="dataSource" />
	    <property value="classpath:mybatis-config.xml" name="configLocation" />
	    <property value="classpath*:/mappers/**/*Mappers.xml" name="mapperLocations" />
	</bean>
	
	<bean class="org.mybatis.spring.SqlSessionTemplate" id="sqlSession" destroy-method="clearCache">
  	  <constructor-arg name="sqlSessionFactory" ref="SqlSessionFactory" />
	</bean>
	
	<bean class="org.springframework.web.servlet.view.BeanNameViewResolver">
	      	<property name="order" value="0"/>
	</bean>

	<bean id="viewResolver" class="org.springframework.web.servlet.view.InternalResourceViewResolver">
			<property name="prefix" value="/"/>
			<property name="suffix" value=".jsp"/>
			<property name="order" value="1"/>
	</bean>  
	<!-- 	transaction -->
	<bean id="transactionManager" class="org.springframework.jdbc.datasource.DataSourceTransactionManager">
		<property name="dataSource" ref="dataSource"></property>		
	</bean>
</beans>
